locus1,Chrom_locus1
1,1
2,1
3,1
4,1
5,1
6,1
7,1
8,1
9,1
10,1
11,1
12,1
13,1
14,1
15,1
16,1
17,1
18,1
19,1
20,1
21,1
22,1
23,1
24,1
25,1
26,1
27,1
28,1
29,1
30,1
31,1
32,1
33,1
34,1
35,1
36,1
37,1
38,1
39,1
40,1
41,1
42,1
43,1
44,1
45,1
46,1
47,1
48,1
49,1
50,1
51,1
52,1
53,1
54,1
55,1
56,1
57,1
58,1
59,1
60,1
61,1
62,1
63,1
64,1
65,1
66,1
67,1
68,1
69,1
70,1
71,1
72,1
73,1
74,1
75,1
76,1
77,1
78,1
79,1
80,1
81,1
82,1
83,1
84,1
85,1
86,1
87,1
88,1
89,1
90,1
91,1
92,1
93,1
94,1
95,1
96,1
97,1
98,1
99,1
100,1
101,1
102,1
103,1
104,1
105,1
106,1
107,1
108,1
109,1
110,1
111,1
112,1
113,1
114,1
115,1
116,1
117,1
118,1
119,1
120,1
121,1
122,1
123,1
124,1
125,1
126,1
127,1
128,1
129,1
130,1
131,1
132,1
133,1
134,1
135,1
136,1
137,1
138,1
139,1
140,1
141,1
142,1
143,1
144,1
145,1
146,1
147,1
148,1
149,1
150,1
151,1
152,1
153,1
154,1
155,1
156,1
157,1
158,1
159,1
160,1
161,1
162,1
163,1
164,1
165,1
166,1
167,1
168,1
169,1
170,1
171,1
172,1
173,1
174,1
175,1
176,1
177,1
178,1
179,1
180,1
181,1
182,1
183,1
184,1
185,1
186,1
187,1
188,1
189,1
190,1
191,1
192,1
193,1
194,1
195,1
196,1
197,1
198,1
199,1
200,1
201,1
202,1
203,1
204,1
205,1
206,1
207,1
208,1
209,1
210,1
211,1
212,1
213,1
214,1
215,1
216,1
217,1
218,1
219,1
220,1
221,1
222,1
223,1
224,1
225,1
226,1
227,1
228,1
229,1
230,1
231,1
232,1
233,1
234,1
235,1
236,1
237,1
238,1
239,1
240,1
241,1
242,1
243,1
244,1
245,1
246,1
247,2
248,2
249,2
250,2
251,2
252,2
253,2
254,2
255,2
256,2
257,2
258,2
259,2
260,2
261,2
262,2
263,2
264,2
265,2
266,2
267,2
268,2
269,2
270,2
271,2
272,2
273,2
274,2
275,2
276,2
277,2
278,2
279,2
280,2
281,2
282,2
283,2
284,2
285,2
286,2
287,2
288,2
289,2
290,2
291,2
292,2
293,2
294,2
295,2
296,2
297,2
298,2
299,2
300,2
301,2
302,2
303,2
304,2
305,2
306,2
307,2
308,2
309,2
310,2
311,2
312,2
313,2
314,2
315,2
316,2
317,2
318,2
319,2
320,2
321,2
322,2
323,2
324,2
325,2
326,2
327,2
328,2
329,2
330,2
331,2
332,2
333,2
334,2
335,2
336,2
337,2
338,2
339,2
340,2
341,2
342,2
343,2
344,2
345,2
346,2
347,2
348,2
349,2
350,2
351,2
352,2
353,2
354,2
355,2
356,2
357,2
358,2
359,2
360,2
361,2
362,2
363,2
364,2
365,2
366,2
367,2
368,2
369,2
370,2
371,2
372,2
373,2
374,2
375,2
376,2
377,2
378,2
379,2
380,2
381,2
382,2
383,2
384,2
385,2
386,2
387,2
388,2
389,2
390,2
391,2
392,2
393,2
394,2
395,2
396,2
397,2
398,2
399,2
400,2
401,2
402,2
403,2
404,2
405,2
406,2
407,2
408,2
409,2
410,2
411,2
412,2
413,2
414,2
415,2
416,2
417,2
418,2
419,2
420,2
421,2
422,2
423,2
424,2
425,2
426,3
427,3
428,3
429,3
430,3
431,3
432,3
433,3
434,3
435,3
436,3
437,3
438,3
439,3
440,3
441,3
442,3
443,3
444,3
445,3
446,3
447,3
448,3
449,3
450,3
451,3
452,3
453,3
454,3
455,3
456,3
457,3
458,3
459,3
460,3
461,3
462,3
463,3
464,3
465,3
466,3
467,3
468,3
469,3
470,3
471,3
472,3
473,3
474,3
475,3
476,3
477,3
478,3
479,3
480,3
481,3
482,3
483,3
484,3
485,3
486,3
487,3
488,3
489,3
490,3
491,3
492,3
493,3
494,3
495,3
496,3
497,3
498,3
499,3
500,3
501,3
502,3
503,3
504,3
505,3
506,3
507,3
508,3
509,3
510,3
511,3
512,3
513,3
514,3
515,3
516,3
517,3
518,3
519,3
520,3
521,3
522,3
523,3
524,3
525,3
526,3
527,3
528,3
529,3
530,3
531,3
532,3
533,3
534,3
535,3
536,3
537,3
538,3
539,3
540,3
541,3
542,3
543,3
544,3
545,3
546,3
547,3
548,3
549,3
550,3
551,3
552,3
553,3
554,3
555,3
556,3
557,3
558,3
559,3
560,3
561,3
562,3
563,3
564,3
565,3
566,3
567,3
568,3
569,3
570,3
571,3
572,3
573,3
574,3
575,3
576,3
577,3
578,3
579,3
580,3
581,3
582,3
583,3
584,3
585,3
586,3
587,3
588,3
589,3
590,3
591,3
592,3
593,3
594,3
595,3
596,3
597,3
598,3
599,3
600,3
601,3
602,4
603,4
604,4
605,4
606,4
607,4
608,4
609,4
610,4
611,4
612,4
613,4
614,4
615,4
616,4
617,4
618,4
619,4
620,4
621,4
622,4
623,4
624,4
625,4
626,4
627,4
628,4
629,4
630,4
631,4
632,4
633,4
634,4
635,4
636,4
637,4
638,4
639,4
640,4
641,4
642,4
643,4
644,4
645,4
646,4
647,4
648,4
649,4
650,4
651,4
652,4
653,4
654,4
655,4
656,4
657,4
658,4
659,4
660,4
661,4
662,4
663,4
664,4
665,4
666,4
667,4
668,4
669,4
670,4
671,4
672,4
673,4
674,4
675,4
676,4
677,4
678,4
679,4
680,4
681,4
682,4
683,4
684,4
685,4
686,4
687,4
688,4
689,4
690,4
691,4
692,4
693,4
694,4
695,4
696,4
697,4
698,4
699,4
700,4
701,4
702,4
703,4
704,4
705,4
706,4
707,4
708,4
709,4
710,4
711,4
712,4
713,4
714,4
715,4
716,4
717,4
718,4
719,4
720,4
721,4
722,4
723,4
724,4
725,4
726,4
727,4
728,4
729,4
730,4
731,4
732,4
733,4
734,4
735,4
736,4
737,4
738,4
739,4
740,4
741,4
742,4
743,4
744,4
745,4
746,4
747,4
748,4
749,4
750,4
751,4
752,4
753,4
754,4
755,5
756,5
757,5
758,5
759,5
760,5
761,5
762,5
763,5
764,5
765,5
766,5
767,5
768,5
769,5
770,5
771,5
772,5
773,5
774,5
775,5
776,5
777,5
778,5
779,5
780,5
781,5
782,5
783,5
784,5
785,5
786,5
787,5
788,5
789,5
790,5
791,5
792,5
793,5
794,5
795,5
796,5
797,5
798,5
799,5
800,5
801,5
802,5
803,5
804,5
805,5
806,5
807,5
808,5
809,5
810,5
811,5
812,5
813,5
814,5
815,5
816,5
817,5
818,5
819,5
820,5
821,5
822,5
823,5
824,5
825,5
826,5
827,5
828,5
829,5
830,5
831,5
832,5
833,5
834,5
835,5
836,5
837,5
838,5
839,5
840,5
841,5
842,5
843,5
844,5
845,5
846,5
847,5
848,5
849,5
850,5
851,5
852,5
853,5
854,5
855,5
856,5
857,5
858,5
859,5
860,5
861,5
862,5
863,5
864,5
865,5
866,5
867,5
868,5
869,5
870,5
871,5
872,5
873,5
874,5
875,5
876,5
877,5
878,5
879,5
880,5
881,5
882,5
883,5
884,5
885,5
886,5
887,5
888,5
889,5
890,5
891,5
892,5
893,5
894,5
895,5
896,5
897,5
898,5
899,5
900,5
901,5
902,5
903,5
904,5
905,5
906,5
907,5
908,5
909,5
910,5
911,5
912,5
913,5
914,5
915,5
916,5
917,5
918,5
919,5
920,5
921,5
922,5
923,5
924,5
925,5
926,5
927,5
928,5
929,5
930,5
931,5
932,5
933,5
934,5
935,5
936,5
937,5
938,5
939,5
940,5
941,5
942,5
943,5
944,5
945,5
946,6
947,6
948,6
949,6
950,6
951,6
952,6
953,6
954,6
955,6
956,6
957,6
958,6
959,6
960,6
961,6
962,6
963,6
964,6
965,6
966,6
967,6
968,6
969,6
970,6
971,6
972,6
973,6
974,6
975,6
976,6
977,6
978,6
979,6
980,6
981,6
982,6
983,6
984,6
985,6
986,6
987,6
988,6
989,6
990,6
991,6
992,6
993,6
994,6
995,6
996,6
997,6
998,6
999,6
1000,6
1001,6
1002,6
1003,6
1004,6
1005,6
1006,6
1007,6
1008,6
1009,6
1010,6
1011,6
1012,6
1013,6
1014,6
1015,6
1016,6
1017,6
1018,6
1019,6
1020,6
1021,6
1022,6
1023,6
1024,6
1025,6
1026,6
1027,6
1028,6
1029,6
1030,6
1031,6
1032,6
1033,6
1034,6
1035,6
1036,6
1037,6
1038,6
1039,6
1040,6
1041,6
1042,6
1043,6
1044,6
1045,6
1046,6
1047,6
1048,6
1049,6
1050,6
1051,6
1052,6
1053,6
1054,6
1055,6
1056,6
1057,6
1058,6
1059,6
1060,6
1061,6
1062,6
1063,6
1064,6
1065,6
1066,6
1067,6
1068,6
1069,6
1070,6
1071,6
1072,6
1073,6
1074,6
1075,6
1076,6
1077,6
1078,6
1079,6
1080,6
1081,6
1082,6
1083,6
1084,6
1085,6
1086,6
1087,6
1088,6
1089,6
1090,6
1091,6
1092,6
1093,6
1094,6
1095,6
1096,6
1097,6
1098,6
1099,6
1100,6
1101,6
1102,6
1103,6
1104,6
1105,6
1106,6
1107,6
1108,6
1109,6
1110,6
1111,6
1112,6
1113,6
1114,6
1115,6
1116,6
1117,6
1118,6
1119,6
1120,6
1121,6
1122,6
1123,6
1124,6
1125,6
1126,6
1127,6
1128,6
1129,6
1130,6
1131,6
1132,6
1133,6
1134,6
1135,6
1136,6
1137,6
1138,6
1139,6
1140,6
1141,6
1142,6
1143,6
1144,6
1145,6
1146,6
1147,6
1148,6
1149,6
1150,6
1151,6
1152,6
1153,6
1154,6
1155,6
1156,6
1157,6
1158,6
1159,6
1160,6
1161,6
1162,6
1163,6
1164,6
1165,6
1166,6
1167,6
1168,6
1169,6
1170,6
1171,7
1172,7
1173,7
1174,7
1175,7
1176,7
1177,7
1178,7
1179,7
1180,7
1181,7
1182,7
1183,7
1184,7
1185,7
1186,7
1187,7
1188,7
1189,7
1190,7
1191,7
1192,7
1193,7
1194,7
1195,7
1196,7
1197,7
1198,7
1199,7
1200,7
1201,7
1202,7
1203,7
1204,7
1205,7
1206,7
1207,7
1208,7
1209,7
1210,7
1211,7
1212,7
1213,7
1214,7
1215,7
1216,7
1217,7
1218,7
1219,7
1220,7
1221,7
1222,7
1223,7
1224,7
1225,7
1226,7
1227,7
1228,7
1229,7
1230,7
1231,7
1232,7
1233,7
1234,7
1235,7
1236,7
1237,7
1238,7
1239,7
1240,7
1241,7
1242,7
1243,7
1244,7
1245,7
1246,7
1247,7
1248,7
1249,7
1250,7
1251,7
1252,7
1253,7
1254,7
1255,7
1256,7
1257,7
1258,7
1259,7
1260,7
1261,7
1262,7
1263,7
1264,7
1265,7
1266,7
1267,7
1268,7
1269,7
1270,7
1271,7
1272,7
1273,7
1274,7
1275,7
1276,7
1277,7
1278,7
1279,7
1280,7
1281,7
1282,7
1283,7
1284,7
1285,7
1286,7
1287,7
1288,7
1289,7
1290,7
1291,7
1292,7
1293,7
1294,7
1295,7
1296,7
1297,7
1298,7
1299,7
1300,7
1301,7
1302,7
1303,7
1304,7
1305,7
1306,7
1307,7
1308,7
1309,7
1310,7
1311,7
1312,7
1313,7
1314,7
1315,7
1316,7
1317,7
1318,7
1319,7
1320,7
1321,7
1322,7
1323,7
1324,7
1325,7
1326,7
1327,7
1328,8
1329,8
1330,8
1331,8
1332,8
1333,8
1334,8
1335,8
1336,8
1337,8
1338,8
1339,8
1340,8
1341,8
1342,8
1343,8
1344,8
1345,8
1346,8
1347,8
1348,8
1349,8
1350,8
1351,8
1352,8
1353,8
1354,8
1355,8
1356,8
1357,8
1358,8
1359,8
1360,8
1361,8
1362,8
1363,8
1364,8
1365,8
1366,8
1367,8
1368,8
1369,8
1370,8
1371,8
1372,8
1373,8
1374,8
1375,8
1376,8
1377,8
1378,8
1379,8
1380,8
1381,8
1382,8
1383,8
1384,8
1385,8
1386,8
1387,8
1388,8
1389,8
1390,8
1391,8
1392,8
1393,8
1394,8
1395,8
1396,8
1397,8
1398,8
1399,8
1400,8
1401,8
1402,8
1403,8
1404,8
1405,8
1406,8
1407,8
1408,8
1409,8
1410,8
1411,8
1412,8
1413,8
1414,8
1415,8
1416,8
1417,8
1418,8
1419,8
1420,8
1421,8
1422,8
1423,8
1424,8
1425,8
1426,8
1427,8
1428,8
1429,8
1430,8
1431,8
1432,8
1433,8
1434,8
1435,8
1436,8
1437,8
1438,8
1439,8
1440,8
1441,8
1442,8
1443,8
1444,8
1445,8
1446,8
1447,8
1448,8
1449,8
1450,8
1451,8
1452,8
1453,8
1454,8
1455,8
1456,8
1457,8
1458,8
1459,8
1460,8
1461,8
1462,8
1463,8
1464,8
1465,8
1466,8
1467,8
1468,8
1469,8
1470,8
1471,8
1472,8
1473,8
1474,8
1475,8
1476,8
1477,8
1478,8
1479,8
1480,8
1481,8
1482,8
1483,8
1484,8
1485,8
1486,8
1487,8
1488,8
1489,8
1490,8
1491,8
1492,8
1493,8
1494,8
1495,8
1496,8
1497,8
1498,8
1499,8
1500,8
1501,8
1502,8
1503,8
1504,8
1505,8
1506,8
1507,8
1508,8
1509,8
1510,8
1511,8
1512,8
1513,8
1514,8
1515,8
1516,8
1517,8
1518,8
1519,8
1520,8
1521,8
1522,8
1523,8
1524,8
1525,8
1526,8
1527,8
1528,8
1529,8
1530,8
1531,8
1532,8
1533,8
1534,8
1535,8
1536,8
1537,8
1538,8
1539,8
1540,8
1541,8
1542,8
1543,8
1544,8
1545,8
1546,8
1547,8
1548,9
1549,9
1550,9
1551,9
1552,9
1553,9
1554,9
1555,9
1556,9
1557,9
1558,9
1559,9
1560,9
1561,9
1562,9
1563,9
1564,9
1565,9
1566,9
1567,9
1568,9
1569,9
1570,9
1571,9
1572,9
1573,9
1574,9
1575,9
1576,9
1577,9
1578,9
1579,9
1580,9
1581,9
1582,9
1583,9
1584,9
1585,9
1586,9
1587,9
1588,9
1589,9
1590,9
1591,9
1592,9
1593,9
1594,9
1595,9
1596,9
1597,9
1598,9
1599,9
1600,9
1601,9
1602,9
1603,9
1604,9
1605,9
1606,9
1607,9
1608,9
1609,9
1610,9
1611,9
1612,9
1613,9
1614,9
1615,9
1616,9
1617,9
1618,9
1619,9
1620,9
1621,9
1622,9
1623,9
1624,9
1625,9
1626,9
1627,9
1628,9
1629,9
1630,9
1631,9
1632,9
1633,9
1634,9
1635,9
1636,9
1637,9
1638,9
1639,9
1640,9
1641,9
1642,9
1643,9
1644,9
1645,9
1646,9
1647,9
1648,9
1649,9
1650,9
1651,9
1652,9
1653,9
1654,9
1655,9
1656,9
1657,9
1658,9
1659,9
1660,9
1661,9
1662,9
1663,9
1664,9
1665,9
1666,9
1667,9
1668,9
1669,9
1670,9
1671,9
1672,9
1673,9
1674,9
1675,9
1676,9
1677,9
1678,9
1679,9
1680,9
1681,9
1682,9
1683,9
1684,9
1685,9
1686,9
1687,9
1688,9
1689,9
1690,9
1691,9
1692,9
1693,9
1694,9
1695,9
1696,9
1697,9
1698,9
1699,9
1700,9
1701,9
1702,9
1703,9
1704,9
1705,9
1706,9
1707,9
1708,9
1709,9
1710,9
1711,9
1712,9
1713,9
1714,9
1715,9
1716,9
1717,9
1718,9
1719,9
1720,9
1721,9
1722,9
1723,9
1724,9
1725,9
1726,9
1727,9
1728,9
1729,9
1730,9
1731,9
1732,9
1733,9
1734,9
1735,9
1736,9
1737,9
1738,10
1739,10
1740,10
1741,10
1742,10
1743,10
1744,10
1745,10
1746,10
1747,10
1748,10
1749,10
1750,10
1751,10
1752,10
1753,10
1754,10
1755,10
1756,10
1757,10
1758,10
1759,10
1760,10
1761,10
1762,10
1763,10
1764,10
1765,10
1766,10
1767,10
1768,10
1769,10
1770,10
1771,10
1772,10
1773,10
1774,10
1775,10
1776,10
1777,10
1778,10
1779,10
1780,10
1781,10
1782,10
1783,10
1784,10
1785,10
1786,10
1787,10
1788,10
1789,10
1790,10
1791,10
1792,10
1793,10
1794,10
1795,10
1796,10
1797,10
1798,10
1799,10
1800,10
1801,10
1802,10
1803,10
1804,10
1805,10
1806,10
1807,10
1808,10
1809,10
1810,10
1811,10
1812,10
1813,10
1814,10
1815,10
1816,10
1817,10
1818,10
1819,10
1820,10
1821,10
1822,10
1823,10
1824,10
1825,10
1826,10
1827,10
1828,10
1829,10
1830,10
1831,10
1832,10
1833,10
1834,10
1835,10
1836,10
1837,10
1838,10
1839,10
1840,10
1841,10
1842,10
1843,10
1844,10
1845,10
1846,10
1847,10
1848,10
1849,10
1850,10
1851,10
1852,10
1853,10
1854,10
1855,10
1856,10
1857,10
1858,10
1859,10
1860,10
1861,10
1862,10
1863,10
1864,10
1865,10
1866,10
1867,10
1868,10
1869,10
1870,10
1871,10
1872,10
1873,10
1874,10
1875,10
1876,10
1877,10
1878,10
1879,10
1880,10
1881,10
1882,10
1883,10
1884,10
1885,10
1886,10
1887,10
1888,10
1889,10
1890,11
1891,11
1892,11
1893,11
1894,11
1895,11
1896,11
1897,11
1898,11
1899,11
1900,11
1901,11
1902,11
1903,11
1904,11
1905,11
1906,11
1907,11
1908,11
1909,11
1910,11
1911,11
1912,11
1913,11
1914,11
1915,11
1916,11
1917,11
1918,11
1919,11
1920,11
1921,11
1922,11
1923,11
1924,11
1925,11
1926,11
1927,11
1928,11
1929,11
1930,11
1931,11
1932,11
1933,11
1934,11
1935,11
1936,11
1937,11
1938,11
1939,11
1940,11
1941,11
1942,11
1943,11
1944,11
1945,11
1946,11
1947,11
1948,11
1949,11
1950,11
1951,11
1952,11
1953,11
1954,11
1955,11
1956,11
1957,11
1958,11
1959,11
1960,11
1961,11
1962,11
1963,11
1964,11
1965,11
1966,11
1967,11
1968,11
1969,11
1970,11
1971,11
1972,11
1973,11
1974,11
1975,11
1976,11
1977,11
1978,11
1979,11
1980,11
1981,11
1982,11
1983,11
1984,11
1985,11
1986,11
1987,11
1988,11
1989,11
1990,11
1991,11
1992,11
1993,11
1994,11
1995,11
1996,11
1997,11
1998,11
1999,11
2000,11
2001,11
2002,11
2003,11
2004,11
2005,11
2006,11
2007,11
2008,11
2009,11
2010,11
2011,11
2012,11
2013,11
2014,11
2015,11
2016,11
2017,11
2018,11
2019,11
2020,11
2021,12
2022,12
2023,12
2024,12
2025,12
2026,12
2027,12
2028,12
2029,12
2030,12
2031,12
2032,12
2033,12
2034,12
2035,12
2036,12
2037,12
2038,12
2039,12
2040,12
2041,12
2042,12
2043,12
2044,12
2045,12
2046,12
2047,12
2048,12
2049,12
2050,12
2051,12
2052,12
2053,12
2054,12
2055,12
2056,12
2057,12
2058,12
2059,12
2060,12
2061,12
2062,12
2063,12
2064,12
2065,12
2066,12
2067,12
2068,12
2069,12
2070,12
2071,12
2072,12
2073,12
2074,12
2075,12
2076,12
2077,12
2078,12
2079,12
2080,12
2081,12
2082,12
2083,12
2084,12
2085,12
2086,12
2087,12
2088,12
2089,12
2090,12
2091,12
2092,12
2093,12
2094,12
2095,12
2096,12
2097,12
2098,12
2099,12
2100,12
2101,12
2102,12
2103,12
2104,12
2105,12
2106,12
2107,12
2108,12
2109,12
2110,12
2111,12
2112,12
2113,12
2114,12
2115,12
2116,12
2117,12
2118,12
2119,12
2120,12
2121,12
2122,12
2123,12
2124,12
2125,12
2126,12
2127,12
2128,12
2129,12
2130,12
2131,12
2132,12
2133,12
2134,12
2135,12
2136,12
2137,12
2138,12
2139,12
2140,12
2141,12
2142,12
2143,12
2144,12
2145,12
2146,12
2147,12
2148,12
2149,12
2150,12
2151,12
2152,12
2153,12
2154,12
2155,12
2156,12
2157,12
2158,12
2159,12
2160,12
2161,12
2162,12
2163,12
2164,12
2165,12
2166,12
2167,12
2168,12
2169,12
2170,12
2171,12
2172,12
2173,12
2174,12
2175,12
2176,12
2177,12
2178,12
2179,12
2180,12
2181,12
2182,13
2183,13
2184,13
2185,13
2186,13
2187,13
2188,13
2189,13
2190,13
2191,13
2192,13
2193,13
2194,13
2195,13
2196,13
2197,13
2198,13
2199,13
2200,13
2201,13
2202,13
2203,13
2204,13
2205,13
2206,13
2207,13
2208,13
2209,13
2210,13
2211,13
2212,13
2213,13
2214,13
2215,13
2216,13
2217,13
2218,13
2219,13
2220,13
2221,13
2222,13
2223,13
2224,13
2225,13
2226,13
2227,13
2228,13
2229,13
2230,13
2231,13
2232,13
2233,13
2234,13
2235,13
2236,13
2237,13
2238,13
2239,13
2240,13
2241,13
2242,13
2243,13
2244,13
2245,13
2246,13
2247,13
2248,13
2249,13
2250,13
2251,13
2252,13
2253,13
2254,13
2255,13
2256,13
2257,13
2258,13
2259,13
2260,13
2261,13
2262,13
2263,13
2264,13
2265,13
2266,13
2267,13
2268,13
2269,13
2270,13
2271,13
2272,13
2273,13
2274,13
2275,13
2276,13
2277,13
2278,13
2279,13
2280,13
2281,13
2282,13
2283,13
2284,13
2285,13
2286,13
2287,13
2288,13
2289,13
2290,13
2291,13
2292,13
2293,13
2294,13
2295,13
2296,13
2297,13
2298,13
2299,13
2300,13
2301,13
2302,13
2303,13
2304,13
2305,13
2306,13
2307,13
2308,13
2309,13
2310,13
2311,13
2312,13
2313,13
2314,13
2315,13
2316,13
2317,13
2318,13
2319,13
2320,13
2321,13
2322,13
2323,13
2324,13
2325,13
2326,13
2327,13
2328,13
2329,13
2330,13
2331,13
2332,13
2333,13
2334,13
2335,13
2336,13
2337,13
2338,13
2339,13
2340,13
2341,13
2342,13
2343,13
2344,13
2345,13
2346,13
2347,13
2348,13
2349,13
2350,13
2351,13
2352,13
2353,13
2354,13
2355,13
2356,13
2357,13
2358,13
2359,13
2360,13
2361,13
2362,13
2363,13
2364,14
2365,14
2366,14
2367,14
2368,14
2369,14
2370,14
2371,14
2372,14
2373,14
2374,14
2375,14
2376,14
2377,14
2378,14
2379,14
2380,14
2381,14
2382,14
2383,14
2384,14
2385,14
2386,14
2387,14
2388,14
2389,14
2390,14
2391,14
2392,14
2393,14
2394,14
2395,14
2396,14
2397,14
2398,14
2399,14
2400,14
2401,14
2402,14
2403,14
2404,14
2405,14
2406,14
2407,14
2408,14
2409,14
2410,14
2411,14
2412,14
2413,14
2414,14
2415,14
2416,14
2417,14
2418,14
2419,14
2420,14
2421,14
2422,14
2423,14
2424,14
2425,14
2426,14
2427,14
2428,14
2429,14
2430,14
2431,14
2432,14
2433,14
2434,14
2435,14
2436,14
2437,14
2438,14
2439,14
2440,14
2441,14
2442,14
2443,14
2444,14
2445,14
2446,14
2447,14
2448,14
2449,14
2450,14
2451,14
2452,14
2453,14
2454,14
2455,14
2456,14
2457,14
2458,14
2459,14
2460,14
2461,14
2462,14
2463,14
2464,14
2465,14
2466,14
2467,14
2468,14
2469,14
2470,14
2471,14
2472,14
2473,14
2474,14
2475,14
2476,14
2477,14
2478,14
2479,14
2480,14
2481,14
2482,14
2483,14
2484,14
2485,14
2486,14
2487,14
2488,14
2489,14
2490,14
2491,14
2492,14
2493,14
2494,14
2495,14
2496,14
2497,14
2498,14
2499,14
2500,14
2501,14
2502,14
2503,14
2504,14
2505,14
2506,14
2507,15
2508,15
2509,15
2510,15
2511,15
2512,15
2513,15
2514,15
2515,15
2516,15
2517,15
2518,15
2519,15
2520,15
2521,15
2522,15
2523,15
2524,15
2525,15
2526,15
2527,15
2528,15
2529,15
2530,15
2531,15
2532,15
2533,15
2534,15
2535,15
2536,15
2537,15
2538,15
2539,15
2540,15
2541,15
2542,15
2543,15
2544,15
2545,15
2546,15
2547,15
2548,15
2549,15
2550,15
2551,15
2552,15
2553,15
2554,15
2555,15
2556,15
2557,15
2558,15
2559,15
2560,15
2561,15
2562,15
2563,15
2564,15
2565,15
2566,15
2567,15
2568,15
2569,15
2570,15
2571,15
2572,15
2573,15
2574,15
2575,15
2576,15
2577,15
2578,15
2579,15
2580,15
2581,15
2582,15
2583,15
2584,15
2585,15
2586,15
2587,15
2588,15
2589,15
2590,15
2591,15
2592,15
2593,15
2594,15
2595,15
2596,16
2597,16
2598,16
2599,16
2600,16
2601,16
2602,16
2603,16
2604,16
2605,16
2606,16
2607,16
2608,16
2609,16
2610,16
2611,16
2612,16
2613,16
2614,16
2615,16
2616,16
2617,16
2618,16
2619,16
2620,16
2621,16
2622,16
2623,16
2624,16
2625,16
2626,16
2627,16
2628,16
2629,16
2630,16
2631,16
2632,16
2633,16
2634,16
2635,16
2636,16
2637,16
2638,16
2639,16
2640,16
2641,16
2642,16
2643,16
2644,16
2645,16
2646,16
2647,16
2648,16
2649,16
2650,16
2651,16
2652,16
2653,16
2654,16
2655,16
2656,16
2657,16
2658,16
2659,16
2660,16
2661,16
2662,16
2663,16
2664,16
2665,16
2666,16
2667,16
2668,16
2669,16
2670,16
2671,16
2672,16
2673,16
2674,16
2675,16
2676,16
2677,16
2678,16
2679,16
2680,16
2681,16
2682,16
2683,16
2684,16
2685,16
2686,16
2687,16
2688,16
2689,16
2690,16
2691,16
2692,16
2693,16
2694,16
2695,16
2696,16
2697,16
2698,16
2699,16
2700,16
2701,16
2702,16
2703,16
2704,16
2705,16
2706,16
2707,16
2708,16
2709,16
2710,16
2711,16
2712,16
2713,16
2714,16
2715,16
2716,16
2717,16
2718,16
2719,16
2720,16
2721,16
2722,16
2723,16
2724,16
2725,16
2726,16
2727,16
2728,16
2729,16
2730,16
2731,16
2732,16
2733,16
2734,16
2735,16
2736,16
2737,16
2738,16
2739,16
2740,16
2741,16
2742,16
2743,16
2744,16
2745,16
2746,16
2747,16
2748,16
2749,16
2750,16
2751,16
2752,16
2753,16
2754,16
2755,16
2756,16
2757,16
2758,16
2759,16
2760,16
2761,16
2762,16
2763,16
2764,16
2765,16
2766,16
2767,16
2768,16
2769,16
2770,16
2771,17
2772,17
2773,17
2774,17
2775,17
2776,17
2777,17
2778,17
2779,17
2780,17
2781,17
2782,17
2783,17
2784,17
2785,17
2786,17
2787,17
2788,17
2789,17
2790,17
2791,17
2792,17
2793,17
2794,17
2795,17
2796,17
2797,17
2798,17
2799,17
2800,17
2801,17
2802,17
2803,17
2804,17
2805,17
2806,17
2807,17
2808,17
2809,17
2810,17
2811,17
2812,17
2813,17
2814,17
2815,17
2816,17
2817,17
2818,17
2819,17
2820,17
2821,17
2822,17
2823,18
2824,18
2825,18
2826,18
2827,18
2828,18
2829,18
2830,18
2831,18
2832,18
2833,18
2834,18
2835,18
2836,18
2837,18
2838,18
2839,18
2840,18
2841,18
2842,18
2843,18
2844,18
2845,18
2846,18
2847,18
2848,18
2849,18
2850,18
2851,18
2852,18
2853,18
2854,18
2855,18
2856,18
2857,18
2858,18
2859,18
2860,18
2861,18
2862,18
2863,18
2864,18
2865,18
2866,18
2867,18
2868,18
2869,18
2870,18
2871,18
2872,18
2873,18
2874,18
2875,18
2876,18
2877,18
2878,18
2879,18
2880,18
2881,18
2882,18
2883,18
2884,18
2885,18
2886,18
2887,18
2888,18
2889,18
2890,18
2891,18
2892,18
2893,18
2894,18
2895,18
2896,18
2897,18
2898,18
2899,18
2900,18
2901,18
2902,18
2903,18
2904,18
2905,18
2906,18
2907,18
2908,18
2909,18
2910,18
2911,18
2912,18
2913,18
2914,18
2915,18
2916,18
2917,18
2918,18
2919,18
2920,18
2921,18
2922,18
2923,18
2924,18
2925,18
2926,18
2927,18
2928,18
2929,18
2930,18
2931,18
2932,18
2933,18
2934,18
2935,18
2936,18
2937,18
2938,18
2939,18
2940,19
2941,19
2942,19
2943,19
2944,19
2945,19
2946,19
2947,19
2948,19
2949,19
2950,19
2951,19
2952,19
2953,19
2954,19
2955,19
2956,19
2957,19
2958,19
2959,19
2960,19
2961,19
2962,19
2963,19
2964,19
2965,19
2966,19
2967,19
2968,19
2969,19
2970,19
2971,19
2972,19
2973,19
2974,19
2975,19
2976,19
2977,19
2978,19
2979,19
2980,19
2981,19
2982,19
2983,19
2984,19
2985,19
2986,19
2987,19
2988,19
2989,19
2990,19
2991,19
2992,19
2993,19
2994,19
2995,19
2996,19
2997,19
2998,19
2999,19
3000,19
3001,19
3002,19
3003,19
3004,19
3005,19
3006,19
3007,19
3008,19
3009,19
3010,19
3011,19
3012,19
3013,19
3014,19
3015,19
3016,19
3017,19
3018,19
3019,19
3020,19
3021,19
3022,19
3023,19
3024,19
3025,19
3026,19
3027,19
3028,19
3029,19
3030,19
3031,19
3032,19
3033,19
3034,19
3035,19
3036,19
3037,19
3038,19
3039,19
3040,19
3041,19
3042,19
3043,19
3044,19
3045,19
3046,19
3047,19
3048,19
3049,19
3050,19
3051,19
3052,19
3053,19
3054,19
3055,19
3056,19
3057,19
3058,19
3059,19
3060,19
3061,19
3062,19
3063,19
3064,19
3065,19
3066,19
3067,19
3068,19
3069,19
3070,19
3071,19
3072,19
3073,19
3074,19
3075,19
3076,19
3077,19
3078,19
3079,19
3080,19
3081,19
3082,19
3083,19
3084,19
3085,19
3086,19
3087,19
3088,19
3089,19
3090,19
3091,19
3092,20
3093,20
3094,20
3095,20
3096,20
3097,20
3098,20
3099,20
3100,20
3101,20
3102,20
3103,20
3104,20
3105,20
3106,20
3107,20
3108,20
3109,20
3110,20
3111,20
3112,20
3113,20
3114,20
3115,20
3116,20
3117,20
3118,20
3119,20
3120,20
3121,20
3122,20
3123,20
3124,20
3125,20
3126,20
3127,20
3128,20
3129,20
3130,20
3131,20
3132,20
3133,20
3134,20
3135,20
3136,20
3137,20
3138,20
3139,20
3140,20
3141,20
3142,20
3143,20
3144,20
3145,20
3146,20
3147,20
3148,20
3149,20
3150,20
3151,20
3152,20
3153,20
3154,20
3155,20
3156,20
3157,20
3158,20
3159,20
3160,20
3161,20
3162,20
3163,20
3164,20
3165,20
3166,20
3167,20
3168,20
3169,20
3170,20
3171,20
3172,20
3173,20
3174,20
3175,20
3176,20
3177,20
3178,20
3179,20
3180,20
3181,20
3182,20
3183,20
3184,20
3185,20
3186,20
3187,20
3188,20
3189,20
3190,20
3191,20
3192,20
3193,20
3194,20
3195,20
3196,20
3197,20
3198,20
3199,20
3200,20
3201,20
3202,20
3203,20
3204,20
3205,20
3206,20
3207,20
3208,20
3209,20
3210,20
3211,20
3212,20
3213,20
3214,20
3215,20
3216,20
3217,20
3218,20
3219,20
3220,20
3221,20
3222,20
3223,20
3224,20
3225,20
3226,20
3227,20
3228,20
3229,20
3230,20
3231,20
3232,20
3233,20
3234,20
3235,20
3236,20
3237,20
3238,20
3239,20
3240,20
3241,20
3242,21
3243,21
3244,21
3245,21
3246,21
3247,21
3248,21
3249,21
3250,21
3251,21
3252,21
3253,21
3254,21
3255,21
3256,21
3257,21
3258,21
3259,21
3260,21
3261,21
3262,21
3263,21
3264,21
3265,21
3266,21
3267,21
3268,21
3269,21
3270,21
3271,21
3272,21
3273,21
3274,21
3275,21
3276,21
3277,21
3278,21
3279,21
3280,21
3281,21
3282,21
3283,21
3284,21
3285,21
3286,21
3287,21
3288,21
3289,21
3290,21
3291,21
3292,21
3293,21
3294,21
3295,21
3296,21
3297,21
3298,21
3299,21
3300,21
3301,21
3302,21
3303,21
3304,21
3305,21
3306,21
3307,21
3308,21
3309,21
3310,21
3311,21
3312,21
3313,21
3314,21
3315,21
3316,21
3317,21
3318,22
3319,22
3320,22
3321,22
3322,22
3323,22
3324,22
3325,22
3326,22
3327,22
3328,22
3329,22
3330,22
3331,22
3332,22
3333,22
3334,22
3335,22
3336,22
3337,22
3338,22
3339,22
3340,22
3341,22
3342,22
3343,22
3344,22
3345,22
3346,22
3347,22
3348,22
3349,22
3350,22
3351,22
3352,22
3353,22
3354,22
3355,22
3356,22
3357,22
3358,22
3359,22
3360,22
3361,22
3362,22
3363,22
3364,22
3365,22
3366,22
3367,22
3368,22
3369,22
3370,22
3371,22
3372,22
3373,22
3374,22
3375,22
3376,22
3377,22
3378,22
3379,22
3380,22
3381,22
3382,22
3383,22
3384,22
3385,22
3386,22
3387,22
3388,22
3389,22
3390,22
3391,22
3392,22
3393,22
3394,22
3395,22
3396,22
3397,22
3398,22
3399,22
3400,22
3401,22
3402,22
3403,22
3404,22
3405,22
3406,22
3407,22
3408,22
3409,22
3410,22
3411,22
3412,22
3413,22
3414,22
3415,22
3416,22
3417,22
3418,22
3419,22
3420,22
3421,22
3422,22
3423,22
3424,22
3425,22
3426,22
3427,22
3428,22
3429,22
3430,22
3431,23
3432,23
3433,23
3434,23
3435,23
3436,23
3437,23
3438,23
3439,23
3440,23
3441,23
3442,23
3443,23
3444,23
3445,23
3446,23
3447,23
3448,23
3449,23
3450,23
3451,23
3452,23
3453,23
3454,23
3455,23
3456,23
3457,23
3458,23
3459,23
3460,23
3461,23
3462,23
3463,23
3464,23
3465,23
3466,23
3467,23
3468,23
3469,23
3470,23
3471,23
3472,23
3473,23
3474,24
3475,24
3476,24
3477,24
3478,24
3479,24
3480,24
3481,24
3482,24
3483,24
3484,24
3485,24
3486,24
3487,24
3488,24
3489,24
3490,24
3491,24
3492,24
3493,24
3494,24
3495,24
3496,24
3497,24
3498,24
3499,24
3500,24
3501,24
3502,24
3503,24
3504,24
3505,24
3506,24
3507,24
3508,24
3509,24
3510,24
3511,24
3512,24
3513,24
3514,24
3515,24
3516,24
3517,24
3518,24
3519,24
3520,24
3521,24
3522,24
3523,24
3524,24
3525,24
3526,24
3527,24
3528,24
3529,24
3530,24
3531,24
3532,24
3533,24
3534,24
3535,24
3536,24
3537,24
3538,24
3539,24
3540,24
3541,24
3542,24
3543,24
3544,24
3545,24
3546,24
3547,24
3548,24
3549,24
3550,24
3551,24
3552,25
3553,25
3554,25
3555,25
3556,25
3557,25
3558,25
3559,25
3560,25
3561,25
3562,25
3563,25
3564,25
3565,25
3566,25
3567,25
3568,25
3569,25
3570,25
3571,25
3572,25
3573,25
3574,25
3575,25
3576,25
3577,25
3578,25
3579,25
3580,25
3581,25
3582,25
3583,25
3584,25
3585,25
3586,25
3587,25
3588,25
3589,25
3590,25
3591,25
3592,25
3593,25
3594,25
3595,25
3596,25
3597,25
3598,25
3599,25
3600,25
3601,25
3602,25
3603,25
3604,25
3605,25
3606,25
3607,25
3608,25
3609,25
3610,25
3611,25
3612,25
3613,25
3614,25
3615,25
3616,25
3617,25
3618,25
3619,25
3620,25
3621,25
3622,25
3623,25
3624,25
3625,25
3626,25
3627,25
3628,25
3629,25
3630,25
3631,25
3632,25
3633,25
3634,25
3635,25
3636,25
3637,25
3638,25
3639,25
3640,25
3641,25
3642,25
3643,25
3644,25
3645,25
3646,25
3647,25
3648,25
3649,25
3650,25
3651,25
3652,25
3653,25
3654,25
3655,25
3656,25
3657,25
3658,25
3659,25
3660,26
3661,26
3662,26
3663,26
3664,26
3665,26
3666,26
3667,26
3668,26
3669,26
3670,26
3671,26
3672,26
3673,26
3674,26
3675,26
3676,26
3677,26
3678,26
3679,26
3680,26
3681,26
3682,26
3683,26
3684,26
3685,26
3686,26
3687,26
3688,26
3689,26
3690,26
3691,26
3692,26
3693,26
3694,26
3695,26
3696,26
3697,26
3698,26
3699,26
3700,26
3701,26
3702,26
3703,26
3704,26
3705,26
3706,26
3707,26
3708,26
3709,26
3710,26
3711,26
3712,26
3713,26
3714,26
3715,26
3716,26
3717,26
3718,26
3719,26
3720,26
3721,26
3722,26
3723,26
3724,26
3725,26
3726,26
3727,26
3728,26
3729,26
3730,26
3731,26
3732,26
3733,26
3734,26
3735,26
3736,26
3737,26
3738,26
3739,26
3740,26
3741,26
3742,26
3743,26
3744,26
3745,26
3746,26
3747,26
3748,26
3749,26
3750,26
3751,26
3752,26
3753,26
3754,26
3755,26
3756,26
3757,26
3758,26
3759,26
3760,26
3761,26
3762,26
3763,27
3764,27
3765,27
3766,27
3767,27
3768,27
3769,27
3770,27
3771,27
3772,27
3773,27
3774,27
3775,27
3776,27
3777,27
3778,27
3779,27
3780,27
3781,27
3782,27
3783,27
3784,27
3785,27
3786,27
3787,27
3788,27
3789,27
3790,27
3791,27
3792,27
3793,27
3794,27
3795,27
3796,27
3797,27
3798,27
3799,27
3800,27
3801,27
3802,27
3803,27
3804,27
3805,27
3806,27
3807,27
3808,28
3809,28
3810,28
3811,28
3812,28
3813,28
3814,28
3815,28
3816,28
3817,28
3818,28
3819,28
3820,28
3821,28
3822,28
3823,28
3824,28
3825,28
3826,28
3827,28
3828,28
3829,28
3830,28
3831,28
3832,28
3833,28
3834,28
3835,28
3836,28
3837,28
3838,28
3839,28
3840,28
3841,28
3842,28
3843,28
3844,28
3845,28
3846,28
3847,28
3848,28
3849,28
3850,28
3851,28
3852,28
3853,28
3854,28
3855,28
3856,28
3857,28
3858,28
3859,28
3860,28
3861,28
3862,28
3863,28
3864,28
3865,28
3866,28
3867,28
3868,28
3869,28
3870,28
3871,28
3872,28
3873,28
3874,28
3875,28
3876,28
3877,28
3878,28
3879,28
3880,28
3881,28
3882,28
3883,28
3884,28
3885,28
3886,28
3887,28
3888,28
3889,28
3890,28
3891,28
3892,28
3893,28
3894,28
3895,28
3896,28
3897,28
3898,28
3899,28
3900,28
3901,28
3902,28
3903,28
3904,28
3905,28
3906,28
3907,28
3908,28
3909,29
3910,29
3911,29
3912,29
3913,29
3914,29
3915,29
3916,29
3917,29
3918,29
3919,29
3920,29
3921,29
3922,29
3923,29
3924,29
3925,29
3926,29
3927,29
3928,29
3929,29
3930,29
3931,29
3932,29
3933,29
3934,29
3935,29
3936,29
3937,29
3938,29
3939,29
3940,29
3941,29
3942,29
3943,29
3944,29
3945,29
3946,29
3947,29
3948,29
3949,29
3950,29
3951,29
3952,29
3953,29
3954,29
3955,29
3956,29
3957,29
3958,29
3959,29
3960,29
3961,29
3962,29
3963,29
3964,29
3965,29
3966,29
3967,29
3968,29
3969,29
3970,29
3971,29
3972,29
3973,29
3974,29
3975,29
3976,29
3977,29
3978,29
3979,29
3980,29
3981,29
3982,29
3983,29
3984,29
3985,29
3986,29
3987,29
3988,29
3989,29
3990,29
3991,29
3992,29
3993,29
3994,29
3995,29
3996,29
3997,29
3998,29
3999,29
4000,29
4001,29
4002,29
4003,29
4004,30
4005,30
4006,30
4007,30
4008,30
4009,30
4010,30
4011,30
4012,30
4013,30
4014,30
4015,30
4016,30
4017,30
4018,30
4019,30
4020,30
4021,30
4022,30
4023,30
4024,30
4025,30
4026,30
4027,30
4028,30
4029,30
4030,30
4031,30
4032,30
4033,30
4034,30
4035,30
4036,30
4037,30
4038,30
4039,30
4040,30
4041,30
4042,30
4043,30
4044,30
4045,30
4046,30
4047,30
4048,30
4049,30
4050,30
4051,30
4052,30
4053,30
4054,30
4055,30
4056,30
4057,30
4058,30
4059,30
4060,30
4061,30
4062,30
4063,30
4064,30
4065,30
4066,30
4067,30
4068,30
4069,30
4070,30
4071,30
4072,30
4073,30
4074,30
4075,30
4076,30
4077,30
4078,30
4079,30
4080,30
4081,30
4082,30
4083,30
4084,30
4085,30
4086,30
4087,30
4088,30
4089,30
4090,30
4091,30
4092,30
4093,30
4094,30
4095,30
4096,30
4097,30
4098,30
4099,30
4100,30
4101,30
4102,30
4103,30
4104,30
4105,30
4106,30
4107,30
4108,30
4109,30
4110,30
4111,30
4112,30
4113,30
4114,30
4115,30
4116,30
4117,30
4118,30
4119,30
4120,30
4121,30
4122,30
4123,30
4124,30
4125,30
4126,30
4127,30
4128,30
4129,30
4130,31
4131,31
4132,31
4133,31
4134,31
4135,31
4136,31
4137,31
4138,31
4139,31
4140,31
4141,31
4142,31
4143,31
4144,31
4145,31
4146,31
4147,31
4148,31
4149,31
4150,31
4151,31
4152,31
4153,31
4154,31
4155,31
4156,31
4157,31
4158,31
4159,31
4160,31
4161,31
4162,31
4163,31
4164,31
4165,31
4166,31
4167,31
4168,31
4169,31
4170,31
4171,31
4172,31
4173,31
4174,31
4175,31
4176,31
4177,31
4178,31
4179,31
4180,31
4181,31
4182,31
4183,31
4184,31
4185,31
4186,31
4187,31
4188,31
4189,31
4190,31
4191,31
4192,31
4193,31
4194,31
4195,31
4196,31
4197,31
4198,31
4199,31
4200,31
4201,31
4202,31
4203,31
4204,31
4205,31
4206,31
4207,31
4208,31
4209,31
4210,31
4211,31
4212,31
4213,32
4214,32
4215,32
4216,32
4217,32
4218,32
4219,32
4220,32
4221,32
4222,32
4223,32
4224,32
4225,32
4226,32
4227,32
4228,32
4229,32
4230,32
4231,32
4232,32
4233,32
4234,32
4235,32
4236,32
4237,32
4238,32
4239,32
4240,32
4241,32
4242,32
4243,32
4244,32
4245,32
4246,32
4247,32
4248,33
4249,33
4250,33
4251,33
4252,33
4253,33
4254,33
4255,33
4256,33
4257,33
4258,33
4259,33
4260,33
4261,33
4262,33
4263,33
4264,33
4265,33
4266,33
4267,33
4268,33
4269,33
4270,33
4271,33
4272,33
4273,33
4274,33
4275,33
4276,33
4277,33
4278,33
4279,33
4280,33
4281,33
4282,33
4283,33
4284,33
4285,33
4286,33
4287,33
4288,33
4289,33
4290,33
4291,33
4292,33
4293,33
4294,33
4295,33
4296,33
4297,33
4298,33
4299,33
4300,33
4301,33
4302,33
4303,33
4304,33
4305,33
4306,33
4307,33
4308,33
4309,33
4310,33
4311,33
4312,33
4313,33
4314,33
4315,33
4316,33
4317,33
4318,33
4319,33
4320,33
4321,33
4322,33
4323,33
4324,33
4325,33
4326,33
4327,33
4328,33
4329,33
4330,33
4331,33
4332,33
4333,33
4334,33
4335,33
4336,33
4337,33
4338,33
4339,33
4340,33
4341,33
4342,33
4343,33
4344,33
4345,33
4346,33
4347,33
4348,33
4349,33
4350,33
4351,33
4352,33
4353,33
4354,33
4355,33
4356,33
4357,33
4358,33
4359,33
4360,33
4361,33
4362,33
4363,33
4364,33
4365,34
4366,34
4367,34
4368,34
4369,34
4370,34
4371,34
4372,34
4373,34
4374,34
4375,34
4376,34
4377,34
4378,34
4379,34
4380,34
4381,34
4382,34
4383,34
4384,34
4385,34
4386,34
4387,34
4388,34
4389,34
4390,34
4391,34
4392,34
4393,34
4394,34
4395,34
4396,34
4397,34
4398,34
4399,34
4400,34
4401,34
4402,34
4403,34
4404,34
4405,34
